ID,Pred
2018_1104_1112,0.5831685111
2018_1104_1113,0.541801533
2018_1104_1116,0.5880790123
2018_1104_1120,0.5991570627
2018_1104_1137,0.572769787
2018_1104_1138,0.5040781279
2018_1104_1139,0.5295879631
2018_1104_1153,0.519189239
2018_1104_1155,0.5569126441
2018_1104_1158,0.519189239
2018_1104_1166,0.5569126441
2018_1104_1168,0.5758339692
2018_1104_1172,0.5536819761
2018_1104_1181,0.5552644393
2018_1104_1196,0.5406055998
2018_1104_1199,0.514476852
2018_1104_1209,0.5880790123
2018_1104_1211,0.5703755504
2018_1104_1222,0.5295879631
2018_1104_1233,0.514476852
2018_1104_1242,0.5296277228
2018_1104_1243,0.5522002571
2018_1104_1246,0.541801533
2018_1104_1252,0.5991570627
2018_1104_1254,0.5552644393
2018_1104_1260,0.5497438675
2018_1104_1267,0.5552644393
2018_1104_1274,0.555137558
2018_1104_1276,0.5605959768
2018_1104_1277,0.6031901234
2018_1104_1281,0.5040781279
2018_1104_1285,0.5408415626
2018_1104_1293,0.5703755504
2018_1104_1300,0.5187845443
2018_1104_1301,0.512352293
2018_1104_1305,0.5040781279
2018_1104_1308,0.5703755504
2018_1104_1314,0.5194791141
2018_1104_1326,0.5673113682
2018_1104_1328,0.541801533
2018_1104_1335,0.5673113682
2018_1104_1344,0.5040781279
2018_1104_1345,0.5295879631
2018_1104_1347,0.545445106
2018_1104_1348,0.5350463819
2018_1104_1355,0.5295879631
2018_1104_1361,0.5390580614
2018_1104_1371,0.519189239
2018_1104_1372,0.5408415626
2018_1104_1382,0.5040781279
2018_1104_1393,0.5599768263
2018_1104_1395,0.56081008
2018_1104_1397,0.5927913994
2018_1104_1400,0.5673113682
2018_1104_1401,0.5598257056
2018_1104_1403,0.5673113682
2018_1104_1411,0.5302068757
2018_1104_1417,0.514476852
2018_1104_1420,0.5673113682
2018_1104_1422,0.5670963973
2018_1104_1437,0.5703755504
2018_1104_1438,0.5181895836
2018_1104_1439,0.5239469503
2018_1104_1452,0.5569126441
2018_1104_1455,0.519189239
2018_1104_1460,0.5295879631
2018_1104_1462,0.5390580614
2018_1112_1113,0.5253780757
2018_1112_1116,0.5648191973
2018_1112_1120,0.5758972476
2018_1112_1137,0.5563463297
2018_1112_1138,0.4845904884
2018_1112_1139,0.5101003236
2018_1112_1153,0.498805241
2018_1112_1155,0.5395928283
2018_1112_1158,0.4997015995
2018_1112_1166,0.5374250046
2018_1112_1168,0.5563463297
2018_1112_1172,0.5372585188
2018_1112_1181,0.5348804412
2018_1112_1196,0.5202216017
2018_1112_1199,0.4949892125
2018_1112_1209,0.5657155558
2018_1112_1211,0.5499915524
2018_1112_1222,0.5092039651
2018_1112_1233,0.4949892125
2018_1112_1242,0.5092437247
2018_1112_1243,0.5357767998
2018_1112_1246,0.5244817172
2018_1112_1252,0.5767936062
2018_1112_1254,0.5357767998
2018_1112_1260,0.5295683299
2018_1112_1267,0.5357767998
2018_1112_1274,0.5378177421
2018_1112_1276,0.5432761609
2018_1112_1277,0.5799303084
2018_1112_1281,0.4845904884
2018_1112_1285,0.5213539231
2018_1112_1293,0.5508879109
2018_1112_1300,0.4986090067
2018_1112_1301,0.4928646535
2018_1112_1305,0.4836941299
2018_1112_1308,0.5508879109
2018_1112_1314,0.5021592982
2018_1112_1326,0.5499915524
2018_1112_1328,0.5253780757
2018_1112_1335,0.5508879109
2018_1112_1344,0.4839025903
2018_1112_1345,0.5092039651
2018_1112_1347,0.5259574665
2018_1112_1348,0.5146623838
2018_1112_1355,0.5101003236
2018_1112_1361,0.5226346041
2018_1112_1371,0.4997015995
2018_1112_1372,0.520666025
2018_1112_1382,0.4845904884
2018_1112_1393,0.5404891868
2018_1112_1395,0.5395928283
2018_1112_1397,0.5695315843
2018_1112_1400,0.5508879109
2018_1112_1401,0.5365658905
2018_1112_1403,0.5499915524
2018_1112_1411,0.5107192362
2018_1112_1417,0.4949892125
2018_1112_1420,0.5508879109
2018_1112_1422,0.5476087578
2018_1112_1437,0.5499915524
2018_1112_1438,0.4978055856
2018_1112_1439,0.507523493
2018_1112_1452,0.5365286461
2018_1112_1455,0.498805241
2018_1112_1460,0.5101003236
2018_1112_1462,0.5217382456
2018_1113_1116,0.5891383237
2018_1113_1120,0.600216374
2018_1113_1137,0.5797690975
2018_1113_1138,0.5080132563
2018_1113_1139,0.5335230915
2018_1113_1153,0.5231243674
2018_1113_1155,0.5639119547
2018_1113_1158,0.5231243674
2018_1113_1166,0.5608477725
2018_1113_1168,0.5797690975
2018_1113_1172,0.5606812867
2018_1113_1181,0.5591995677
2018_1113_1196,0.5445407282
2018_1113_1199,0.5184119804
2018_1113_1209,0.5891383237
2018_1113_1211,0.5743106788
2018_1113_1222,0.5335230915
2018_1113_1233,0.5184119804
2018_1113_1242,0.5335628512
2018_1113_1243,0.5591995677
2018_1113_1246,0.5488008436
2018_1113_1252,0.600216374
2018_1113_1254,0.5591995677
2018_1113_1260,0.5529910978
2018_1113_1267,0.5591995677
2018_1113_1274,0.5621368685
2018_1113_1276,0.5675952873
2018_1113_1277,0.6042494348
2018_1113_1281,0.5080132563
2018_1113_1285,0.544776691
2018_1113_1293,0.5743106788
2018_1113_1300,0.5220317746
2018_1113_1301,0.5101728596
2018_1113_1305,0.5080132563
2018_1113_1308,0.5743106788
2018_1113_1314,0.5203638629
2018_1113_1326,0.5743106788
2018_1113_1328,0.5488008436
2018_1113_1335,0.5743106788
2018_1113_1344,0.5073253582
2018_1113_1345,0.5335230915
2018_1113_1347,0.5493802343
2018_1113_1348,0.5389815102
2018_1113_1355,0.5335230915
2018_1113_1361,0.5399428102
2018_1113_1371,0.5231243674
2018_1113_1372,0.5440887929
2018_1113_1382,0.5080132563
2018_1113_1393,0.5639119547
2018_1113_1395,0.5678093906
2018_1113_1397,0.5938507107
2018_1113_1400,0.5743106788
2018_1113_1401,0.5547704552
2018_1113_1403,0.5743106788
2018_1113_1411,0.5341420041
2018_1113_1417,0.5184119804
2018_1113_1420,0.5743106788
2018_1113_1422,0.5710315257
2018_1113_1437,0.5743106788
2018_1113_1438,0.522124712
2018_1113_1439,0.5248316991
2018_1113_1452,0.5608477725
2018_1113_1455,0.5231243674
2018_1113_1460,0.5335230915
2018_1113_1462,0.5399428102
2018_1116_1120,0.603092191
2018_1116_1137,0.5767049154
2018_1116_1138,0.5080132563
2018_1116_1139,0.5335230915
2018_1116_1153,0.5231243674
2018_1116_1155,0.5608477725
2018_1116_1158,0.5231243674
2018_1116_1166,0.5608477725
2018_1116_1168,0.5797690975
2018_1116_1172,0.5576171045
2018_1116_1181,0.5591995677
2018_1116_1196,0.5445407282
2018_1116_1199,0.5184119804
2018_1116_1209,0.5920141407
2018_1116_1211,0.5743106788
2018_1116_1222,0.5335230915
2018_1116_1233,0.5184119804
2018_1116_1242,0.5335628512
2018_1116_1243,0.5561353855
2018_1116_1246,0.5457366614
2018_1116_1252,0.603092191
2018_1116_1254,0.5591995677
2018_1116_1260,0.5536789959
2018_1116_1267,0.5591995677
2018_1116_1274,0.5590726863
2018_1116_1276,0.5645311051
2018_1116_1277,0.6071252518
2018_1116_1281,0.5080132563
2018_1116_1285,0.544776691
2018_1116_1293,0.5743106788
2018_1116_1300,0.5227196727
2018_1116_1301,0.5101728596
2018_1116_1305,0.5080132563
2018_1116_1308,0.5743106788
2018_1116_1314,0.5172996807
2018_1116_1326,0.5712464966
2018_1116_1328,0.5457366614
2018_1116_1335,0.5712464966
2018_1116_1344,0.5080132563
2018_1116_1345,0.5335230915
2018_1116_1347,0.5493802343
2018_1116_1348,0.5389815102
2018_1116_1355,0.5335230915
2018_1116_1361,0.536878628
2018_1116_1371,0.5231243674
2018_1116_1372,0.544776691
2018_1116_1382,0.5080132563
2018_1116_1393,0.5639119547
2018_1116_1395,0.5647452084
2018_1116_1397,0.5967265277
2018_1116_1400,0.5712464966
2018_1116_1401,0.5576462721
2018_1116_1403,0.5712464966
2018_1116_1411,0.5341420041
2018_1116_1417,0.5184119804
2018_1116_1420,0.5712464966
2018_1116_1422,0.5710315257
2018_1116_1437,0.5743106788
2018_1116_1438,0.522124712
2018_1116_1439,0.5217675169
2018_1116_1452,0.5608477725
2018_1116_1455,0.5231243674
2018_1116_1460,0.5335230915
2018_1116_1462,0.536878628
2018_1120_1137,0.5592406809
2018_1120_1138,0.4905490218
2018_1120_1139,0.516058857
2018_1120_1153,0.5047637744
2018_1120_1155,0.5424871795
2018_1120_1158,0.5056601329
2018_1120_1166,0.543383538
2018_1120_1168,0.5623048631
2018_1120_1172,0.54015287
2018_1120_1181,0.5408389746
2018_1120_1196,0.5261801351
2018_1120_1199,0.5009477459
2018_1120_1209,0.5745499062
2018_1120_1211,0.5559500858
2018_1120_1222,0.5151624985
2018_1120_1233,0.5009477459
2018_1120_1242,0.5152022581
2018_1120_1243,0.538671151
2018_1120_1246,0.5273760684
2018_1120_1252,0.5856279566
2018_1120_1254,0.5417353332
2018_1120_1260,0.5362147614
2018_1120_1267,0.5417353332
2018_1120_1274,0.5407120933
2018_1120_1276,0.5461705121
2018_1120_1277,0.5887646588
2018_1120_1281,0.4905490218
2018_1120_1285,0.5273124565
2018_1120_1293,0.5568464443
2018_1120_1300,0.5052554382
2018_1120_1301,0.4927086251
2018_1120_1305,0.4896526633
2018_1120_1308,0.5568464443
2018_1120_1314,0.4989390876
2018_1120_1326,0.5528859036
2018_1120_1328,0.5282724269
2018_1120_1335,0.5537822621
2018_1120_1344,0.4905490218
2018_1120_1345,0.5151624985
2018_1120_1347,0.5319159999
2018_1120_1348,0.5206209172
2018_1120_1355,0.516058857
2018_1120_1361,0.5194143936
2018_1120_1371,0.5056601329
2018_1120_1372,0.5273124565
2018_1120_1382,0.4905490218
2018_1120_1393,0.5464477202
2018_1120_1395,0.5424871795
2018_1120_1397,0.5783659347
2018_1120_1400,0.5537822621
2018_1120_1401,0.5392856791
2018_1120_1403,0.5528859036
2018_1120_1411,0.5166777696
2018_1120_1417,0.5009477459
2018_1120_1420,0.5537822621
2018_1120_1422,0.5535672912
2018_1120_1437,0.5559500858
2018_1120_1438,0.503764119
2018_1120_1439,0.5043032824
2018_1120_1452,0.5424871795
2018_1120_1455,0.5047637744
2018_1120_1460,0.516058857
2018_1120_1462,0.518518035
2018_1137_1138,0.5081692846
2018_1137_1139,0.5336791198
2018_1137_1153,0.5232803958
2018_1137_1155,0.5640679831
2018_1137_1158,0.5232803958
2018_1137_1166,0.5610038009
2018_1137_1168,0.5799251259
2018_1137_1172,0.5608373151
2018_1137_1181,0.559355596
2018_1137_1196,0.5446967565
2018_1137_1199,0.5185680087
2018_1137_1209,0.5921701691
2018_1137_1211,0.5744667071
2018_1137_1222,0.5336791198
2018_1137_1233,0.5185680087
2018_1137_1242,0.5337188795
2018_1137_1243,0.559355596
2018_1137_1246,0.5489568719
2018_1137_1252,0.6032482194
2018_1137_1254,0.559355596
2018_1137_1260,0.5531471262
2018_1137_1267,0.559355596
2018_1137_1274,0.5592287147
2018_1137_1276,0.5646871335
2018_1137_1277,0.6072812802
2018_1137_1281,0.5081692846
2018_1137_1285,0.5449327193
2018_1137_1293,0.5744667071
2018_1137_1300,0.5221878029
2018_1137_1301,0.510328888
2018_1137_1305,0.5081692846
2018_1137_1308,0.5744667071
2018_1137_1314,0.517455709
2018_1137_1326,0.5744667071
2018_1137_1328,0.5489568719
2018_1137_1335,0.5714025249
2018_1137_1344,0.5081692846
2018_1137_1345,0.5336791198
2018_1137_1347,0.5495362627
2018_1137_1348,0.5391375386
2018_1137_1355,0.5336791198
2018_1137_1361,0.5400988386
2018_1137_1371,0.5232803958
2018_1137_1372,0.5449327193
2018_1137_1382,0.5081692846
2018_1137_1393,0.5640679831
2018_1137_1395,0.567965419
2018_1137_1397,0.5968825561
2018_1137_1400,0.5744667071
2018_1137_1401,0.5578023005
2018_1137_1403,0.5744667071
2018_1137_1411,0.5342980324
2018_1137_1417,0.5185680087
2018_1137_1420,0.5744667071
2018_1137_1422,0.5711875541
2018_1137_1437,0.5744667071
2018_1137_1438,0.5222807404
2018_1137_1439,0.5249877275
2018_1137_1452,0.5610038009
2018_1137_1455,0.5232803958
2018_1137_1460,0.5336791198
2018_1137_1462,0.5400988386
2018_1138_1139,0.5470629253
2018_1138_1153,0.5040268526
2018_1138_1155,0.5064083791
2018_1138_1158,0.5359763031
2018_1138_1166,0.5134139449
2018_1138_1168,0.5222655219
2018_1138_1172,0.5275585698
2018_1138_1181,0.501695992
2018_1138_1196,0.5410421641
2018_1138_1199,0.5312639161
2018_1138_1209,0.5620687741
2018_1138_1211,0.5168071031
2018_1138_1222,0.5144255766
2018_1138_1233,0.5312639161
2018_1138_1242,0.4861290236
2018_1138_1243,0.501695992
2018_1138_1246,0.4912972679
2018_1138_1252,0.5731468245
2018_1138_1254,0.501695992
2018_1138_1260,0.5112116225
2018_1138_1267,0.501695992
2018_1138_1274,0.5116388588
2018_1138_1276,0.5170972775
2018_1138_1277,0.5771798852
2018_1138_1281,0.5239293742
2018_1138_1285,0.5606928089
2018_1138_1293,0.5168071031
2018_1138_1300,0.4952624687
2018_1138_1301,0.5066742955
2018_1138_1305,0.5215530901
2018_1138_1308,0.5168071031
2018_1138_1314,0.4780561234
2018_1138_1326,0.5168071031
2018_1138_1328,0.4994875382
2018_1138_1335,0.523812669
2018_1138_1344,0.4889157414
2018_1138_1345,0.5300245274
2018_1138_1347,0.5652963523
2018_1138_1348,0.5479506649
2018_1138_1355,0.5470629253
2018_1138_1361,0.4824392346
2018_1138_1371,0.5366642012
2018_1138_1372,0.5256791761
2018_1138_1382,0.4889157414
2018_1138_1393,0.5064083791
2018_1138_1395,0.510305815
2018_1138_1397,0.5667811611
2018_1138_1400,0.5168071031
2018_1138_1401,0.5277009056
2018_1138_1403,0.5168071031
2018_1138_1411,0.550058122
2018_1138_1417,0.5312639161
2018_1138_1420,0.5168071031
2018_1138_1422,0.5135279501
2018_1138_1437,0.5168071031
2018_1138_1438,0.5464916905
2018_1138_1439,0.4673281235
2018_1138_1452,0.5134139449
2018_1138_1455,0.5359763031
2018_1138_1460,0.5463750272
2018_1138_1462,0.4824392346
2018_1139_1153,0.4971784317
2018_1139_1155,0.5064083791
2018_1139_1158,0.5390404853
2018_1139_1166,0.5064083791
2018_1139_1168,0.5222655219
2018_1139_1172,0.5275585698
2018_1139_1181,0.501695992
2018_1139_1196,0.5170835242
2018_1139_1199,0.5273811351
2018_1139_1209,0.5620687741
2018_1139_1211,0.5168071031
2018_1139_1222,0.5075771558
2018_1139_1233,0.5149134163
2018_1139_1242,0.4791234577
2018_1139_1243,0.501695992
2018_1139_1246,0.4912972679
2018_1139_1252,0.5731468245
2018_1139_1254,0.501695992
2018_1139_1260,0.4944805581
2018_1139_1267,0.501695992
2018_1139_1274,0.5046332929
2018_1139_1276,0.5100917117
2018_1139_1277,0.5771798852
2018_1139_1281,0.4889157414
2018_1139_1285,0.5256791761
2018_1139_1293,0.5168071031
2018_1139_1300,0.4897681711
2018_1139_1301,0.4842269239
2018_1139_1305,0.520865192
2018_1139_1308,0.5168071031
2018_1139_1314,0.4710505575
2018_1139_1326,0.5168071031
2018_1139_1328,0.4994875382
2018_1139_1335,0.5168071031
2018_1139_1344,0.4750617547
2018_1139_1345,0.5060658875
2018_1139_1347,0.5302827195
2018_1139_1348,0.5198839954
2018_1139_1355,0.5463750272
2018_1139_1361,0.4824392346
2018_1139_1371,0.5359763031
2018_1139_1372,0.5118251894
2018_1139_1382,0.4820673206
2018_1139_1393,0.5064083791
2018_1139_1395,0.510305815
2018_1139_1397,0.5667811611
2018_1139_1400,0.5168071031
2018_1139_1401,0.5277009056
2018_1139_1403,0.5168071031
2018_1139_1411,0.53064344
2018_1139_1417,0.5343280983
2018_1139_1420,0.5168071031
2018_1139_1422,0.5135279501
2018_1139_1437,0.5168071031
2018_1139_1438,0.5488679746
2018_1139_1439,0.4673281235
2018_1139_1452,0.5064083791
2018_1139_1455,0.5390404853
2018_1139_1460,0.5494392094
2018_1139_1462,0.4824392346
2018_1153_1155,0.5171934237
2018_1153_1158,0.5316920876
2018_1153_1166,0.5433569217
2018_1153_1168,0.5339469251
2018_1153_1172,0.5214072624
2018_1153_1181,0.5124810367
2018_1153_1196,0.5515241918
2018_1153_1199,0.5269797006
2018_1153_1209,0.5671657129
2018_1153_1211,0.5275921478
2018_1153_1222,0.5435707373
2018_1153_1233,0.5269797006
2018_1153_1242,0.5151756418
2018_1153_1243,0.5133773952
2018_1153_1246,0.5020823126
2018_1153_1252,0.5782437633
2018_1153_1254,0.5133773952
2018_1153_1260,0.5314291008
2018_1153_1267,0.5133773952
2018_1153_1274,0.540685477
2018_1153_1276,0.5461438958
2018_1153_1277,0.5813804655
2018_1153_1281,0.5165809765
2018_1153_1285,0.5533444112
2018_1153_1293,0.5284885063
2018_1153_1300,0.533663677
2018_1153_1301,0.5146515181
2018_1153_1305,0.515684618
2018_1153_1308,0.5284885063
2018_1153_1314,0.503701578
2018_1153_1326,0.5275921478
2018_1153_1328,0.5111689414
2018_1153_1335,0.5537556458
2018_1153_1344,0.5189572606
2018_1153_1345,0.5405065551
2018_1153_1347,0.5572600565
2018_1153_1348,0.5459649739
2018_1153_1355,0.5420908117
2018_1153_1361,0.4907194741
2018_1153_1371,0.5316920876
2018_1153_1372,0.5557206953
2018_1153_1382,0.5189572606
2018_1153_1393,0.5180897823
2018_1153_1395,0.5171934237
2018_1153_1397,0.5709817414
2018_1153_1400,0.5284885063
2018_1153_1401,0.5426883564
2018_1153_1403,0.5275921478
2018_1153_1411,0.5427097243
2018_1153_1417,0.5269797006
2018_1153_1420,0.5284885063
2018_1153_1422,0.5252093533
2018_1153_1437,0.5275921478
2018_1153_1438,0.5297960737
2018_1153_1439,0.475608363
2018_1153_1452,0.5424605632
2018_1153_1455,0.5307957291
2018_1153_1460,0.5420908117
2018_1153_1462,0.4898231156
2018_1155_1158,0.5361089252
2018_1155_1166,0.5625955636
2018_1155_1168,0.5815168887
2018_1155_1172,0.5624290778
2018_1155_1181,0.5600510002
2018_1155_1196,0.5566289274
2018_1155_1199,0.5313965382
2018_1155_1209,0.6147356765
2018_1155_1211,0.5751621113
2018_1155_1222,0.5456112908
2018_1155_1233,0.5313965382
2018_1155_1242,0.5344142837
2018_1155_1243,0.5609473588
2018_1155_1246,0.5496522761
2018_1155_1252,0.6258137268
2018_1155_1254,0.5609473588
2018_1155_1260,0.5547388889
2018_1155_1267,0.5609473588
2018_1155_1274,0.5599241189
2018_1155_1276,0.5653825377
2018_1155_1277,0.628950429
2018_1155_1281,0.5209978141
2018_1155_1285,0.5577612488
2018_1155_1293,0.5760584699
2018_1155_1300,0.5350163324
2018_1155_1301,0.5197562538
2018_1155_1305,0.5201014556
2018_1155_1308,0.5760584699
2018_1155_1314,0.5147499496
2018_1155_1326,0.5751621113
2018_1155_1328,0.5505486347
2018_1155_1335,0.5729942877
2018_1155_1344,0.5209978141
2018_1155_1345,0.5456112908
2018_1155_1347,0.5623647922
2018_1155_1348,0.5510697095
2018_1155_1355,0.5465076493
2018_1155_1361,0.5382894377
2018_1155_1371,0.5361089252
2018_1155_1372,0.5577612488
2018_1155_1382,0.5209978141
2018_1155_1393,0.5656597458
2018_1155_1395,0.5647633873
2018_1155_1397,0.6185517049
2018_1155_1400,0.5760584699
2018_1155_1401,0.5902583199
2018_1155_1403,0.5751621113
2018_1155_1411,0.5471265619
2018_1155_1417,0.5313965382
2018_1155_1420,0.5760584699
2018_1155_1422,0.5727793168
2018_1155_1437,0.5751621113
2018_1155_1438,0.5342129113
2018_1155_1439,0.5231783266
2018_1155_1452,0.5616992051
2018_1155_1455,0.5352125667
2018_1155_1460,0.5465076493
2018_1155_1462,0.5373930791
2018_1158_1166,0.513898326
2018_1158_1168,0.5297554688
2018_1158_1172,0.5350485167
2018_1158_1181,0.509185939
2018_1158_1196,0.5317503646
2018_1158_1199,0.5406352495
2018_1158_1209,0.5781129033
2018_1158_1211,0.5242970501
2018_1158_1222,0.5123730388
2018_1158_1233,0.5406352495
2018_1158_1242,0.4866134047
2018_1158_1243,0.509185939
2018_1158_1246,0.4987872149
2018_1158_1252,0.5891909536
2018_1158_1254,0.509185939
2018_1158_1260,0.5019705051
2018_1158_1267,0.509185939
2018_1158_1274,0.5121232398
2018_1158_1276,0.5175816586
2018_1158_1277,0.5932240144
2018_1158_1281,0.5108218434
2018_1158_1285,0.5475852781
2018_1158_1293,0.5242970501
2018_1158_1300,0.497258118
2018_1158_1301,0.491736205
2018_1158_1305,0.5271723433
2018_1158_1308,0.5242970501
2018_1158_1314,0.4812539025
2018_1158_1326,0.5242970501
2018_1158_1328,0.5069774851
2018_1158_1335,0.5242970501
2018_1158_1344,0.4895572675
2018_1158_1345,0.5207327279
2018_1158_1347,0.5365898707
2018_1158_1348,0.5261911466
2018_1158_1355,0.5526821785
2018_1158_1361,0.4926425796
2018_1158_1371,0.5422834544
2018_1158_1372,0.5263207022
2018_1158_1382,0.4868632036
2018_1158_1393,0.513898326
2018_1158_1395,0.5177957619
2018_1158_1397,0.5828252903
2018_1158_1400,0.5242970501
2018_1158_1401,0.560646467
2018_1158_1403,0.5242970501
2018_1158_1411,0.54941831
2018_1158_1417,0.5406352495
2018_1158_1420,0.5242970501
2018_1158_1422,0.521017897
2018_1158_1437,0.5242970501
2018_1158_1438,0.5521109437
2018_1158_1439,0.4775314685
2018_1158_1452,0.513898326
2018_1158_1455,0.5453476366
2018_1158_1460,0.5557463606
2018_1158_1462,0.4926425796
2018_1166_1168,0.5560060305
2018_1166_1172,0.5438914817
2018_1166_1181,0.5354365006
2018_1166_1196,0.5418635069
2018_1166_1199,0.5157347591
2018_1166_1209,0.5892248183
2018_1166_1211,0.5505476117
2018_1166_1222,0.5301579721
2018_1166_1233,0.5157347591
2018_1166_1242,0.5227130453
2018_1166_1243,0.5452855797
2018_1166_1246,0.5348868556
2018_1166_1252,0.6003028687
2018_1166_1254,0.5354365006
2018_1166_1260,0.542141292
2018_1166_1267,0.5354365006
2018_1166_1274,0.5482228805
2018_1166_1276,0.5536812993
2018_1166_1277,0.6043359294
2018_1166_1281,0.505336035
2018_1166_1285,0.5420994697
2018_1166_1293,0.5505476117
2018_1166_1300,0.5193545533
2018_1166_1301,0.5040944747
2018_1166_1305,0.505336035
2018_1166_1308,0.5505476117
2018_1166_1314,0.5030487112
2018_1166_1326,0.5603966908
2018_1166_1328,0.5320110386
2018_1166_1335,0.5603966908
2018_1166_1344,0.5046481369
2018_1166_1345,0.5308458702
2018_1166_1347,0.546703013
2018_1166_1348,0.536304289
2018_1166_1355,0.5308458702
2018_1166_1361,0.5197518416
2018_1166_1371,0.5204471461
2018_1166_1372,0.5414115716
2018_1166_1382,0.5046481369
2018_1166_1393,0.5401488877
2018_1166_1395,0.5538954026
2018_1166_1397,0.5939372053
2018_1166_1400,0.5603966908
2018_1166_1401,0.5656438203
2018_1166_1403,0.5603966908
2018_1166_1411,0.5314647828
2018_1166_1417,0.5157347591
2018_1166_1420,0.5575208738
2018_1166_1422,0.5472684587
2018_1166_1437,0.5505476117
2018_1166_1438,0.5194474907
2018_1166_1439,0.5075165475
2018_1166_1452,0.5499979667
2018_1166_1455,0.5204471461
2018_1166_1460,0.5308458702
2018_1166_1462,0.5197518416
2018_1168_1172,0.5423031909
2018_1168_1181,0.5408214718
2018_1168_1196,0.5373993991
2018_1168_1199,0.5112706513
2018_1168_1209,0.5946097895
2018_1168_1211,0.555932583
2018_1168_1222,0.5263817624
2018_1168_1233,0.5112706513
2018_1168_1242,0.5151847553
2018_1168_1243,0.5377572896
2018_1168_1246,0.5273585656
2018_1168_1252,0.6056878399
2018_1168_1254,0.5408214718
2018_1168_1260,0.534613002
2018_1168_1267,0.5408214718
2018_1168_1274,0.5406945905
2018_1168_1276,0.5461530093
2018_1168_1277,0.6097209006
2018_1168_1281,0.5008719272
2018_1168_1285,0.5376353619
2018_1168_1293,0.555932583
2018_1168_1300,0.5155783436
2018_1168_1301,0.5258029838
2018_1168_1305,0.5008719272
2018_1168_1308,0.555932583
2018_1168_1314,0.5216930381
2018_1168_1326,0.5528684008
2018_1168_1328,0.5304227478
2018_1168_1335,0.5528684008
2018_1168_1344,0.5008719272
2018_1168_1345,0.5263817624
2018_1168_1347,0.5422389052
2018_1168_1348,0.5318401811
2018_1168_1355,0.5263817624
2018_1168_1361,0.5443361677
2018_1168_1371,0.5159830383
2018_1168_1372,0.5376353619
2018_1168_1382,0.5008719272
2018_1168_1393,0.5455338589
2018_1168_1395,0.5463671126
2018_1168_1397,0.5993221766
2018_1168_1400,0.5528684008
2018_1168_1401,0.5830133743
2018_1168_1403,0.5528684008
2018_1168_1411,0.527000675
2018_1168_1417,0.5112706513
2018_1168_1420,0.555932583
2018_1168_1422,0.5526534299
2018_1168_1437,0.555932583
2018_1168_1438,0.5149833829
2018_1168_1439,0.5261608744
2018_1168_1452,0.5424696767
2018_1168_1455,0.5159830383
2018_1168_1460,0.5263817624
2018_1168_1462,0.5443361677
2018_1172_1181,0.545441608
2018_1172_1196,0.5420195352
2018_1172_1199,0.5158907874
2018_1172_1209,0.5992299257
2018_1172_1211,0.5605527191
2018_1172_1222,0.5310018985
2018_1172_1233,0.5158907874
2018_1172_1242,0.5198048915
2018_1172_1243,0.545441608
2018_1172_1246,0.5350428839
2018_1172_1252,0.6103079761
2018_1172_1254,0.545441608
2018_1172_1260,0.5392331382
2018_1172_1267,0.545441608
2018_1172_1274,0.5453147267
2018_1172_1276,0.5507731455
2018_1172_1277,0.6143410368
2018_1172_1281,0.5054920634
2018_1172_1285,0.542255498
2018_1172_1293,0.5605527191
2018_1172_1300,0.5195105817
2018_1172_1301,0.504250503
2018_1172_1305,0.5054920634
2018_1172_1308,0.5605527191
2018_1172_1314,0.5001405574
2018_1172_1326,0.5605527191
2018_1172_1328,0.5350428839
2018_1172_1335,0.5574885369
2018_1172_1344,0.5054920634
2018_1172_1345,0.5310018985
2018_1172_1347,0.5468590414
2018_1172_1348,0.5364603173
2018_1172_1355,0.5310018985
2018_1172_1361,0.5227836869
2018_1172_1371,0.5206031745
2018_1172_1372,0.542255498
2018_1172_1382,0.5054920634
2018_1172_1393,0.550153995
2018_1172_1395,0.5540514309
2018_1172_1397,0.6039423127
2018_1172_1400,0.5605527191
2018_1172_1401,0.5756489277
2018_1172_1403,0.5605527191
2018_1172_1411,0.5316208112
2018_1172_1417,0.5158907874
2018_1172_1420,0.5605527191
2018_1172_1422,0.5572735661
2018_1172_1437,0.5605527191
2018_1172_1438,0.5196035191
2018_1172_1439,0.5076725758
2018_1172_1452,0.5470898129
2018_1172_1455,0.5206031745
2018_1172_1460,0.5310018985
2018_1172_1462,0.5227836869
2018_1181_1196,0.5436927572
2018_1181_1199,0.518460368
2018_1181_1209,0.6017995062
2018_1181_1211,0.5622259411
2018_1181_1222,0.5326751205
2018_1181_1233,0.518460368
2018_1181_1242,0.5214781135
2018_1181_1243,0.5449470064
2018_1181_1246,0.5336519237
2018_1181_1252,0.6128775566
2018_1181_1254,0.5480111886
2018_1181_1260,0.5418027187
2018_1181_1267,0.5480111886
2018_1181_1274,0.5469879487
2018_1181_1276,0.5524463675
2018_1181_1277,0.6160142588
2018_1181_1281,0.5080616439
2018_1181_1285,0.5448250786
2018_1181_1293,0.5631222997
2018_1181_1300,0.5227680603
2018_1181_1301,0.5068200836
2018_1181_1305,0.5071652853
2018_1181_1308,0.5631222997
2018_1181_1314,0.5018137794
2018_1181_1326,0.5591617589
2018_1181_1328,0.5376124645
2018_1181_1335,0.5600581175
2018_1181_1344,0.5080616439
2018_1181_1345,0.5326751205
2018_1181_1347,0.5494286219
2018_1181_1348,0.5381335393
2018_1181_1355,0.5335714791
2018_1181_1361,0.5253532675
2018_1181_1371,0.523172755
2018_1181_1372,0.5448250786
2018_1181_1382,0.5080616439
2018_1181_1393,0.5527235756
2018_1181_1395,0.5487630348
2018_1181_1397,0.6056155347
2018_1181_1400,0.5600581175
2018_1181_1401,0.5773221497
2018_1181_1403,0.5591617589
2018_1181_1411,0.5341903917
2018_1181_1417,0.518460368
2018_1181_1420,0.5631222997
2018_1181_1422,0.5598431466
2018_1181_1437,0.5622259411
2018_1181_1438,0.5212767411
2018_1181_1439,0.5071779742
2018_1181_1452,0.5487630348
2018_1181_1455,0.5222763965
2018_1181_1460,0.5335714791
2018_1181_1462,0.5244569089
2018_1196_1199,0.5443735272
2018_1196_1209,0.5745592763
2018_1196_1211,0.525054925
2018_1196_1222,0.5618609224
2018_1196_1233,0.5443735272
2018_1196_1242,0.4957309687
2018_1196_1243,0.518303503
2018_1196_1246,0.5079047789
2018_1196_1252,0.5856373267
2018_1196_1254,0.5099438139
2018_1196_1260,0.5363552086
2018_1196_1267,0.5099438139
2018_1196_1274,0.5212408039
2018_1196_1276,0.5266992227
2018_1196_1277,0.5896703874
2018_1196_1281,0.533286905
2018_1196_1285,0.5700503397
2018_1196_1293,0.525054925
2018_1196_1300,0.5316428216
2018_1196_1301,0.5351095269
2018_1196_1305,0.5339748031
2018_1196_1308,0.525054925
2018_1196_1314,0.4842569048
2018_1196_1326,0.5334146141
2018_1196_1328,0.5077353601
2018_1196_1335,0.5334146141
2018_1196_1344,0.529404124
2018_1196_1345,0.5618609224
2018_1196_1347,0.5746538831
2018_1196_1348,0.564255159
2018_1196_1355,0.5594846383
2018_1196_1361,0.4872858928
2018_1196_1371,0.5490859142
2018_1196_1372,0.5661675587
2018_1196_1382,0.5363510872
2018_1196_1393,0.514656201
2018_1196_1395,0.5269133259
2018_1196_1397,0.5792716633
2018_1196_1400,0.5334146141
2018_1196_1401,0.5509782783
2018_1196_1403,0.5334146141
2018_1196_1411,0.5601035509
2018_1196_1417,0.5443735272
2018_1196_1420,0.525054925
2018_1196_1422,0.521775772
2018_1196_1437,0.525054925
2018_1196_1438,0.5589134035
2018_1196_1439,0.4805344708
2018_1196_1452,0.52301589
2018_1196_1455,0.5490859142
2018_1196_1460,0.5594846383
2018_1196_1462,0.4872858928
2018_1199_1209,0.5578428145
2018_1199_1211,0.5040269613
2018_1199_1222,0.5016454348
2018_1199_1233,0.5215479565
2018_1199_1242,0.4663433159
2018_1199_1243,0.4889158502
2018_1199_1246,0.4785171261
2018_1199_1252,0.5689208648
2018_1199_1254,0.4889158502
2018_1199_1260,0.4887059822
2018_1199_1267,0.4889158502
2018_1199_1274,0.4918531511
2018_1199_1276,0.4973115698
2018_1199_1277,0.5729539256
2018_1199_1281,0.4917345503
2018_1199_1285,0.5409657038
2018_1199_1293,0.5040269613
2018_1199_1300,0.4839935951
2018_1199_1301,0.4782952029
2018_1199_1305,0.5080850502
2018_1199_1308,0.5040269613
2018_1199_1314,0.4582704157
2018_1199_1326,0.5040269613
2018_1199_1328,0.4867073964
2018_1199_1335,0.5040269613
2018_1199_1344,0.4677759105
2018_1199_1345,0.5016454348
2018_1199_1347,0.5331015284
2018_1199_1348,0.5227028043
2018_1199_1355,0.5342827835
2018_1199_1361,0.4696590928
2018_1199_1371,0.5238840594
2018_1199_1372,0.5045393452
2018_1199_1382,0.4761355996
2018_1199_1393,0.4936282372
2018_1199_1395,0.4975256731
2018_1199_1397,0.5625552015
2018_1199_1400,0.5040269613
2018_1199_1401,0.523474946
2018_1199_1403,0.5040269613
2018_1199_1411,0.5372779802
2018_1199_1417,0.5184837743
2018_1199_1420,0.5040269613
2018_1199_1422,0.5007478082
2018_1199_1437,0.5040269613
2018_1199_1438,0.5330236506
2018_1199_1439,0.4545479816
2018_1199_1452,0.4936282372
2018_1199_1455,0.5231961613
2018_1199_1460,0.5366590676
2018_1199_1462,0.4696590928
2018_1209_1211,0.587246849
2018_1209_1222,0.5464592617
2018_1209_1233,0.5313481506
2018_1209_1242,0.5464990214
2018_1209_1243,0.5690715557
2018_1209_1246,0.5586728316
2018_1209_1252,0.6160283613
2018_1209_1254,0.5721357379
2018_1209_1260,0.5666151661
2018_1209_1267,0.5721357379
2018_1209_1274,0.5720088566
2018_1209_1276,0.5774672753
2018_1209_1277,0.620061422
2018_1209_1281,0.5209494265
2018_1209_1285,0.5577128612
2018_1209_1293,0.587246849
2018_1209_1300,0.5356558429
2018_1209_1301,0.5231090298
2018_1209_1305,0.5209494265
2018_1209_1308,0.587246849
2018_1209_1314,0.5302358509
2018_1209_1326,0.5841826668
2018_1209_1328,0.5586728316
2018_1209_1335,0.5841826668
2018_1209_1344,0.5209494265
2018_1209_1345,0.5464592617
2018_1209_1347,0.5623164045
2018_1209_1348,0.5519176805
2018_1209_1355,0.5464592617
2018_1209_1361,0.5498147982
2018_1209_1371,0.5360605376
2018_1209_1372,0.5577128612
2018_1209_1382,0.5209494265
2018_1209_1393,0.5768481249
2018_1209_1395,0.5776813786
2018_1209_1397,0.6096626979
2018_1209_1400,0.5841826668
2018_1209_1401,0.5705824424
2018_1209_1403,0.5841826668
2018_1209_1411,0.5470781743
2018_1209_1417,0.5313481506
2018_1209_1420,0.5841826668
2018_1209_1422,0.5839676959
2018_1209_1437,0.587246849
2018_1209_1438,0.5350608822
2018_1209_1439,0.5347036871
2018_1209_1452,0.5737839427
2018_1209_1455,0.5360605376
2018_1209_1460,0.5464592617
2018_1209_1462,0.5498147982
2018_1211_1222,0.5280986687
2018_1211_1233,0.5138839161
2018_1211_1242,0.5281384284
2018_1211_1243,0.5516073212
2018_1211_1246,0.5403122386
2018_1211_1252,0.607118309
2018_1211_1254,0.5546715034
2018_1211_1260,0.5484630336
2018_1211_1267,0.5546715034
2018_1211_1274,0.5536482635
2018_1211_1276,0.5591066823
2018_1211_1277,0.6102550112
2018_1211_1281,0.503485192
2018_1211_1285,0.5402486267
2018_1211_1293,0.5697826145
2018_1211_1300,0.5181916084
2018_1211_1301,0.5056447953
2018_1211_1305,0.5025888335
2018_1211_1308,0.5697826145
2018_1211_1314,0.5118752579
2018_1211_1326,0.5658220738
2018_1211_1328,0.5442727793
2018_1211_1335,0.5667184323
2018_1211_1344,0.503485192
2018_1211_1345,0.5280986687
2018_1211_1347,0.5448521701
2018_1211_1348,0.5335570874
2018_1211_1355,0.5289950272
2018_1211_1361,0.535414746
2018_1211_1371,0.5185963031
2018_1211_1372,0.5402486267
2018_1211_1382,0.503485192
2018_1211_1393,0.5593838904
2018_1211_1395,0.5554233497
2018_1211_1397,0.5998562872
2018_1211_1400,0.5667184323
2018_1211_1401,0.5607760316
2018_1211_1403,0.5658220738
2018_1211_1411,0.5296139398
2018_1211_1417,0.5138839161
2018_1211_1420,0.5697826145
2018_1211_1422,0.5665034614
2018_1211_1437,0.568886256
2018_1211_1438,0.5167002892
2018_1211_1439,0.5172394527
2018_1211_1452,0.5554233497
2018_1211_1455,0.5176999446
2018_1211_1460,0.5289950272
2018_1211_1462,0.5345183874
2018_1222_1233,0.5268609051
2018_1222_1242,0.5147222528
2018_1222_1243,0.5120276476
2018_1222_1246,0.5016289236
2018_1222_1252,0.5583877266
2018_1222_1254,0.5120276476
2018_1222_1260,0.5300793532
2018_1222_1267,0.5120276476
2018_1222_1274,0.540232088
2018_1222_1276,0.5456905068
2018_1222_1277,0.5624207874
2018_1222_1281,0.5157742829
2018_1222_1285,0.5532256157
2018_1222_1293,0.5271387588
2018_1222_1300,0.5265979183
2018_1222_1301,0.5209980685
2018_1222_1305,0.516462181
2018_1222_1308,0.5271387588
2018_1222_1314,0.5066493526
2018_1222_1326,0.5271387588
2018_1222_1328,0.5098191938
2018_1222_1335,0.5524058982
2018_1222_1344,0.5188384651
2018_1222_1345,0.5412841181
2018_1222_1347,0.557141261
2018_1222_1348,0.5467425369
2018_1222_1355,0.5419720162
2018_1222_1361,0.4927708902
2018_1222_1371,0.5315732921
2018_1222_1372,0.5556018998
2018_1222_1382,0.5188384651
2018_1222_1393,0.5167400347
2018_1222_1395,0.5206374706
2018_1222_1397,0.5520220633
2018_1222_1400,0.5271387588
2018_1222_1401,0.5129418077
2018_1222_1403,0.5271387588
2018_1222_1411,0.5425909288
2018_1222_1417,0.5268609051
2018_1222_1420,0.5271387588
2018_1222_1422,0.5238596057
2018_1222_1437,0.5271387588
2018_1222_1438,0.5414007814
2018_1222_1439,0.4776597791
2018_1222_1452,0.5420071742
2018_1222_1455,0.5315732921
2018_1222_1460,0.5419720162
2018_1222_1462,0.4927708902
2018_1233_1242,0.4984307366
2018_1233_1243,0.5139977051
2018_1233_1246,0.503598981
2018_1233_1252,0.5940027197
2018_1233_1254,0.5139977051
2018_1233_1260,0.513787837
2018_1233_1267,0.5139977051
2018_1233_1274,0.5169350059
2018_1233_1276,0.5223934247
2018_1233_1277,0.5980357805
2018_1233_1281,0.5040462408
2018_1233_1285,0.5477566387
2018_1233_1293,0.5291088162
2018_1233_1300,0.50907545
2018_1233_1301,0.4950173687
2018_1233_1305,0.5086169199
2018_1233_1308,0.5291088162
2018_1233_1314,0.4833522705
2018_1233_1326,0.5291088162
2018_1233_1328,0.5117892512
2018_1233_1335,0.5291088162
2018_1233_1344,0.4928577654
2018_1233_1345,0.5183676006
2018_1233_1347,0.5342247434
2018_1233_1348,0.5238260193
2018_1233_1355,0.5341267551
2018_1233_1361,0.4947409476
2018_1233_1371,0.523728031
2018_1233_1372,0.5296212001
2018_1233_1382,0.4928577654
2018_1233_1393,0.5187100921
2018_1233_1395,0.522607528
2018_1233_1397,0.5876370564
2018_1233_1400,0.5291088162
2018_1233_1401,0.5485568008
2018_1233_1403,0.5291088162
2018_1233_1411,0.5371219518
2018_1233_1417,0.5183277459
2018_1233_1420,0.5291088162
2018_1233_1422,0.5258296631
2018_1233_1437,0.5291088162
2018_1233_1438,0.5328676222
2018_1233_1439,0.4796298365
2018_1233_1452,0.5257156579
2018_1233_1455,0.5230401329
2018_1233_1460,0.533438857
2018_1233_1462,0.4947409476
2018_1242_1243,0.5279773735
2018_1242_1246,0.5166822909
2018_1242_1252,0.5899679246
2018_1242_1254,0.5251015566
2018_1242_1260,0.5248330859
2018_1242_1267,0.5251015566
2018_1242_1274,0.5300183159
2018_1242_1276,0.5354767347
2018_1242_1277,0.5931046268
2018_1242_1281,0.4880278289
2018_1242_1285,0.5247912636
2018_1242_1293,0.5402126677
2018_1242_1300,0.5020463472
2018_1242_1301,0.4867862686
2018_1242_1305,0.4871314703
2018_1242_1308,0.5402126677
2018_1242_1314,0.4848441465
2018_1242_1326,0.5421921261
2018_1242_1328,0.5147028325
2018_1242_1335,0.5430884847
2018_1242_1344,0.4873399308
2018_1242_1345,0.5126413055
2018_1242_1347,0.5293948069
2018_1242_1348,0.5180997243
2018_1242_1355,0.5135376641
2018_1242_1361,0.5024436355
2018_1242_1371,0.50313894
2018_1242_1372,0.5241033655
2018_1242_1382,0.4873399308
2018_1242_1393,0.5298139436
2018_1242_1395,0.531793402
2018_1242_1397,0.5827059027
2018_1242_1400,0.5430884847
2018_1242_1401,0.5544125177
2018_1242_1403,0.5421921261
2018_1242_1411,0.5141565767
2018_1242_1417,0.498426553
2018_1242_1420,0.5402126677
2018_1242_1422,0.5369335146
2018_1242_1437,0.5393163091
2018_1242_1438,0.501242926
2018_1242_1439,0.4902083413
2018_1242_1452,0.531793402
2018_1242_1455,0.5022425814
2018_1242_1460,0.5135376641
2018_1242_1462,0.5015472769
2018_1243_1246,0.5428423102
2018_1243_1252,0.6056878399
2018_1243_1254,0.5532410343
2018_1243_1260,0.5470325644
2018_1243_1267,0.5532410343
2018_1243_1274,0.553114153
2018_1243_1276,0.5585725717
2018_1243_1277,0.6097209006
2018_1243_1281,0.5020547229
2018_1243_1285,0.5388181576
2018_1243_1293,0.5683521454
2018_1243_1300,0.5160732412
2018_1243_1301,0.510328888
2018_1243_1305,0.5020547229
2018_1243_1308,0.5683521454
2018_1243_1314,0.517455709
2018_1243_1326,0.5683521454
2018_1243_1328,0.5428423102
2018_1243_1335,0.5652879632
2018_1243_1344,0.5020547229
2018_1243_1345,0.5275645581
2018_1243_1347,0.5434217009
2018_1243_1348,0.5330229768
2018_1243_1355,0.5275645581
2018_1243_1361,0.5400988386
2018_1243_1371,0.517165834
2018_1243_1372,0.5388181576
2018_1243_1382,0.5020547229
2018_1243_1393,0.5579534213
2018_1243_1395,0.5618508572
2018_1243_1397,0.5993221766
2018_1243_1400,0.5683521454
2018_1243_1401,0.5663564828
2018_1243_1403,0.5683521454
2018_1243_1411,0.5281834707
2018_1243_1417,0.512453447
2018_1243_1420,0.5683521454
2018_1243_1422,0.5650729923
2018_1243_1437,0.5683521454
2018_1243_1438,0.5161661786
2018_1243_1439,0.5249877275
2018_1243_1452,0.5548892391
2018_1243_1455,0.517165834
2018_1243_1460,0.5275645581
2018_1243_1462,0.5400988386
2018_1246_1252,0.5795133948
2018_1246_1254,0.5356207714
2018_1246_1260,0.5294123016
2018_1246_1267,0.5356207714
2018_1246_1274,0.5345975316
2018_1246_1276,0.5400559503
2018_1246_1277,0.582650097
2018_1246_1281,0.48443446
2018_1246_1285,0.5211978947
2018_1246_1293,0.5507318825
2018_1246_1300,0.4984529783
2018_1246_1301,0.4927086251
2018_1246_1305,0.4835381015
2018_1246_1308,0.5507318825
2018_1246_1314,0.4989390876
2018_1246_1326,0.549835524
2018_1246_1328,0.5252220473
2018_1246_1335,0.5476677003
2018_1246_1344,0.48443446
2018_1246_1345,0.5090479367
2018_1246_1347,0.5258014381
2018_1246_1348,0.5145063555
2018_1246_1355,0.5099442952
2018_1246_1361,0.5224785758
2018_1246_1371,0.4995455711
2018_1246_1372,0.5211978947
2018_1246_1382,0.48443446
2018_1246_1393,0.5403331584
2018_1246_1395,0.5394367999
2018_1246_1397,0.5722513729
2018_1246_1400,0.5507318825
2018_1246_1401,0.5392856791
2018_1246_1403,0.549835524
2018_1246_1411,0.5105632078
2018_1246_1417,0.4948331841
2018_1246_1420,0.5507318825
2018_1246_1422,0.5474527295
2018_1246_1437,0.549835524
2018_1246_1438,0.4976495572
2018_1246_1439,0.5073674646
2018_1246_1452,0.5363726177
2018_1246_1455,0.4986492126
2018_1246_1460,0.5099442952
2018_1246_1462,0.5215822172
2018_1252_1254,0.5591995677
2018_1252_1260,0.5536789959
2018_1252_1267,0.5591995677
2018_1252_1274,0.5590726863
2018_1252_1276,0.5645311051
2018_1252_1277,0.6071252518
2018_1252_1281,0.5080132563
2018_1252_1285,0.544776691
2018_1252_1293,0.5743106788
2018_1252_1300,0.5227196727
2018_1252_1301,0.5101728596
2018_1252_1305,0.5080132563
2018_1252_1308,0.5743106788
2018_1252_1314,0.5172996807
2018_1252_1326,0.5712464966
2018_1252_1328,0.5457366614
2018_1252_1335,0.5712464966
2018_1252_1344,0.5080132563
2018_1252_1345,0.5335230915
2018_1252_1347,0.5493802343
2018_1252_1348,0.5389815102
2018_1252_1355,0.5335230915
2018_1252_1361,0.536878628
2018_1252_1371,0.5231243674
2018_1252_1372,0.544776691
2018_1252_1382,0.5080132563
2018_1252_1393,0.5639119547
2018_1252_1395,0.5647452084
2018_1252_1397,0.5967265277
2018_1252_1400,0.5712464966
2018_1252_1401,0.5576462721
2018_1252_1403,0.5712464966
2018_1252_1411,0.5341420041
2018_1252_1417,0.5184119804
2018_1252_1420,0.5712464966
2018_1252_1422,0.5710315257
2018_1252_1437,0.5743106788
2018_1252_1438,0.522124712
2018_1252_1439,0.5217675169
2018_1252_1452,0.5608477725
2018_1252_1455,0.5231243674
2018_1252_1460,0.5335230915
2018_1252_1462,0.536878628
2018_1254_1260,0.565927268
2018_1254_1267,0.5721357379
2018_1254_1274,0.5720088566
2018_1254_1276,0.5774672753
2018_1254_1277,0.620061422
2018_1254_1281,0.5209494265
2018_1254_1285,0.5577128612
2018_1254_1293,0.587246849
2018_1254_1300,0.5356558429
2018_1254_1301,0.5231090298
2018_1254_1305,0.5209494265
2018_1254_1308,0.587246849
2018_1254_1314,0.5302358509
2018_1254_1326,0.5841826668
2018_1254_1328,0.5617370138
2018_1254_1335,0.5841826668
2018_1254_1344,0.5209494265
2018_1254_1345,0.5464592617
2018_1254_1347,0.5623164045
2018_1254_1348,0.5519176805
2018_1254_1355,0.5464592617
2018_1254_1361,0.5528789804
2018_1254_1371,0.5360605376
2018_1254_1372,0.5577128612
2018_1254_1382,0.5209494265
2018_1254_1393,0.5768481249
2018_1254_1395,0.5776813786
2018_1254_1397,0.6096626979
2018_1254_1400,0.5841826668
2018_1254_1401,0.5705824424
2018_1254_1403,0.5841826668
2018_1254_1411,0.5470781743
2018_1254_1417,0.5313481506
2018_1254_1420,0.587246849
2018_1254_1422,0.5839676959
2018_1254_1437,0.5598676144
2018_1254_1438,0.5194869003
2018_1254_1439,0.5347036871
2018_1254_1452,0.5737839427
2018_1254_1455,0.5360605376
2018_1254_1460,0.5464592617
2018_1254_1462,0.5254997459
2018_1260_1267,0.5423146853
2018_1260_1274,0.5593162786
2018_1260_1276,0.5647746974
2018_1260_1277,0.6271321679
2018_1260_1281,0.516429433
2018_1260_1285,0.5531928677
2018_1260_1293,0.5574257964
2018_1260_1300,0.5335121335
2018_1260_1301,0.5206145364
2018_1260_1305,0.516429433
2018_1260_1308,0.5574257964
2018_1260_1314,0.520256671
2018_1260_1326,0.5686142718
2018_1260_1328,0.5319159612
2018_1260_1335,0.5714900888
2018_1260_1344,0.5157415349
2018_1260_1345,0.5419392682
2018_1260_1347,0.5577964111
2018_1260_1348,0.547397687
2018_1260_1355,0.5419392682
2018_1260_1361,0.525771326
2018_1260_1371,0.5315405441
2018_1260_1372,0.5525049696
2018_1260_1382,0.5157415349
2018_1260_1393,0.5470270723
2018_1260_1395,0.5621129836
2018_1260_1397,0.6167334438
2018_1260_1400,0.5686142718
2018_1260_1401,0.5945546205
2018_1260_1403,0.5686142718
2018_1260_1411,0.5425581808
2018_1260_1417,0.5268281571
2018_1260_1420,0.5574257964
2018_1260_1422,0.5541466433
2018_1260_1437,0.5574257964
2018_1260_1438,0.5464589425
2018_1260_1439,0.5218486903
2018_1260_1452,0.5610913647
2018_1260_1455,0.5315405441
2018_1260_1460,0.5419392682
2018_1260_1462,0.525771326
2018_1267_1274,0.5590726863
2018_1267_1276,0.5645311051
2018_1267_1277,0.615679434
2018_1267_1281,0.5080132563
2018_1267_1285,0.544776691
2018_1267_1293,0.5743106788
2018_1267_1300,0.5227196727
2018_1267_1301,0.5101728596
2018_1267_1305,0.5080132563
2018_1267_1308,0.5743106788
2018_1267_1314,0.5172996807
2018_1267_1326,0.5712464966
2018_1267_1328,0.5488008436
2018_1267_1335,0.5712464966
2018_1267_1344,0.5080132563
2018_1267_1345,0.5335230915
2018_1267_1347,0.5493802343
2018_1267_1348,0.5389815102
2018_1267_1355,0.5335230915
2018_1267_1361,0.5399428102
2018_1267_1371,0.5231243674
2018_1267_1372,0.544776691
2018_1267_1382,0.5080132563
2018_1267_1393,0.5639119547
2018_1267_1395,0.5647452084
2018_1267_1397,0.60528071
2018_1267_1400,0.5712464966
2018_1267_1401,0.5662004544
2018_1267_1403,0.5712464966
2018_1267_1411,0.5341420041
2018_1267_1417,0.5184119804
2018_1267_1420,0.5743106788
2018_1267_1422,0.5710315257
2018_1267_1437,0.5743106788
2018_1267_1438,0.522124712
2018_1267_1439,0.5217675169
2018_1267_1452,0.5608477725
2018_1267_1455,0.5231243674
2018_1267_1460,0.5335230915
2018_1267_1462,0.5399428102
2018_1274_1276,0.5740271711
2018_1274_1277,0.6204665878
2018_1274_1281,0.5256819067
2018_1274_1285,0.5624453414
2018_1274_1293,0.5778667455
2018_1274_1300,0.539700425
2018_1274_1301,0.5244403464
2018_1274_1305,0.5256819067
2018_1274_1308,0.5778667455
2018_1274_1314,0.5233945829
2018_1274_1326,0.5807425625
2018_1274_1328,0.5552327273
2018_1274_1335,0.5807425625
2018_1274_1344,0.5249940086
2018_1274_1345,0.5511917419
2018_1274_1347,0.5670488848
2018_1274_1348,0.5566501607
2018_1274_1355,0.5511917419
2018_1274_1361,0.5429735303
2018_1274_1371,0.5407930178
2018_1274_1372,0.5617574433
2018_1274_1382,0.5256819067
2018_1274_1393,0.5674680214
2018_1274_1395,0.5742412743
2018_1274_1397,0.6100678637
2018_1274_1400,0.5807425625
2018_1274_1401,0.5817744787
2018_1274_1403,0.5807425625
2018_1274_1411,0.5518106545
2018_1274_1417,0.5360806308
2018_1274_1420,0.5807425625
2018_1274_1422,0.5745875924
2018_1274_1437,0.5778667455
2018_1274_1438,0.5397933624
2018_1274_1439,0.5278624192
2018_1274_1452,0.5703438384
2018_1274_1455,0.5407930178
2018_1274_1460,0.5511917419
2018_1274_1462,0.5429735303
2018_1276_1277,0.6153178752
2018_1276_1281,0.4943230235
2018_1276_1285,0.5310864582
2018_1276_1293,0.5465078623
2018_1276_1300,0.5083415418
2018_1276_1301,0.4930814632
2018_1276_1305,0.493426665
2018_1276_1308,0.5465078623
2018_1276_1314,0.4911393412
2018_1276_1326,0.5484873208
2018_1276_1328,0.5238738441
2018_1276_1335,0.5493836793
2018_1276_1344,0.4936351254
2018_1276_1345,0.5189365002
2018_1276_1347,0.5356900016
2018_1276_1348,0.5243949189
2018_1276_1355,0.5198328587
2018_1276_1361,0.5116146471
2018_1276_1371,0.5094341346
2018_1276_1372,0.5303985601
2018_1276_1382,0.4943230235
2018_1276_1393,0.5361091382
2018_1276_1395,0.5380885967
2018_1276_1397,0.6049191511
2018_1276_1400,0.5493836793
2018_1276_1401,0.5766257661
2018_1276_1403,0.5484873208
2018_1276_1411,0.5204517713
2018_1276_1417,0.5047217476
2018_1276_1420,0.5493836793
2018_1276_1422,0.5432287092
2018_1276_1437,0.5456115038
2018_1276_1438,0.5234561745
2018_1276_1439,0.496503536
2018_1276_1452,0.5380885967
2018_1276_1455,0.5085377761
2018_1276_1460,0.5198328587
2018_1276_1462,0.5107182886
2018_1277_1281,0.5082176723
2018_1277_1285,0.544981107
2018_1277_1293,0.563278328
2018_1277_1300,0.5229240887
2018_1277_1301,0.5069761119
2018_1277_1305,0.5073213137
2018_1277_1308,0.563278328
2018_1277_1314,0.5019698077
2018_1277_1326,0.5593177873
2018_1277_1328,0.5347043106
2018_1277_1335,0.5602141458
2018_1277_1344,0.5082176723
2018_1277_1345,0.5328311489
2018_1277_1347,0.5495846503
2018_1277_1348,0.5382895677
2018_1277_1355,0.5337275075
2018_1277_1361,0.5224451136
2018_1277_1371,0.5233287834
2018_1277_1372,0.544981107
2018_1277_1382,0.5082176723
2018_1277_1393,0.552879604
2018_1277_1395,0.5489190632
2018_1277_1397,0.6141681148
2018_1277_1400,0.5602141458
2018_1277_1401,0.5858747298
2018_1277_1403,0.5593177873
2018_1277_1411,0.5343464201
2018_1277_1417,0.5186163963
2018_1277_1420,0.5602141458
2018_1277_1422,0.559999175
2018_1277_1437,0.5623819695
2018_1277_1438,0.5214327694
2018_1277_1439,0.5073340025
2018_1277_1452,0.5489190632
2018_1277_1455,0.5224324248
2018_1277_1460,0.5337275075
2018_1277_1462,0.5215487551
2018_1281_1285,0.5680236128
2018_1281_1293,0.5304116118
2018_1281_1300,0.5109529617
2018_1281_1301,0.5106039358
2018_1281_1305,0.528883894
2018_1281_1308,0.5304116118
2018_1281_1314,0.4804744954
2018_1281_1326,0.5323262686
2018_1281_1328,0.5150067037
2018_1281_1335,0.5296322047
2018_1281_1344,0.4962465454
2018_1281_1345,0.5567700133
2018_1281_1347,0.5726271562
2018_1281_1348,0.5622284321
2018_1281_1355,0.5543937292
2018_1281_1361,0.4945572364
2018_1281_1371,0.5439950051
2018_1281_1372,0.53300998
2018_1281_1382,0.5118454961
2018_1281_1393,0.5200128878
2018_1281_1395,0.5258249804
2018_1281_1397,0.5889398521
2018_1281_1400,0.5323262686
2018_1281_1401,0.560646467
2018_1281_1403,0.5323262686
2018_1281_1411,0.5543247437
2018_1281_1417,0.5392826181
2018_1281_1420,0.5323262686
2018_1281_1422,0.5271324588
2018_1281_1437,0.5304116118
2018_1281_1438,0.5589134035
2018_1281_1439,0.4794461253
2018_1281_1452,0.5192334806
2018_1281_1455,0.5439950051
2018_1281_1460,0.5537058311
2018_1281_1462,0.4945572364
2018_1285_1293,0.5106925414
2018_1285_1300,0.4975075961
2018_1285_1301,0.5066742955
2018_1285_1305,0.5154385283
2018_1285_1308,0.5106925414
2018_1285_1314,0.4780561234
2018_1285_1326,0.5176981072
2018_1285_1328,0.4933729764
2018_1285_1335,0.5176981072
2018_1285_1344,0.4828011797
2018_1285_1345,0.5363776844
2018_1285_1347,0.5591817905
2018_1285_1348,0.5487830664
2018_1285_1355,0.5409483635
2018_1285_1361,0.4824392346
2018_1285_1371,0.5305496395
2018_1285_1372,0.5195646144
2018_1285_1382,0.4984001304
2018_1285_1393,0.5002938173
2018_1285_1395,0.5111968191
2018_1285_1397,0.5606665994
2018_1285_1400,0.5176981072
2018_1285_1401,0.5277009056
2018_1285_1403,0.5176981072
2018_1285_1411,0.5408793781
2018_1285_1417,0.5258372524
2018_1285_1420,0.5106925414
2018_1285_1422,0.5074133883
2018_1285_1437,0.5106925414
2018_1285_1438,0.5403771287
2018_1285_1439,0.4743336893
2018_1285_1452,0.5170248816
2018_1285_1455,0.5298617414
2018_1285_1460,0.5402604655
2018_1285_1462,0.4824392346
2018_1293_1300,0.5269297083
2018_1293_1301,0.5143828952
2018_1293_1305,0.5122232919
2018_1293_1308,0.5785207144
2018_1293_1314,0.5215097163
2018_1293_1326,0.5754565322
2018_1293_1328,0.5530108792
2018_1293_1335,0.5754565322
2018_1293_1344,0.5122232919
2018_1293_1345,0.5377331271
2018_1293_1347,0.55359027
2018_1293_1348,0.5431915459
2018_1293_1355,0.5377331271
2018_1293_1361,0.5441528459
2018_1293_1371,0.527334403
2018_1293_1372,0.5489867266
2018_1293_1382,0.5122232919
2018_1293_1393,0.5681219903
2018_1293_1395,0.568955244
2018_1293_1397,0.6096626979
2018_1293_1400,0.5754565322
2018_1293_1401,0.5705824424
2018_1293_1403,0.5754565322
2018_1293_1411,0.5383520397
2018_1293_1417,0.522622016
2018_1293_1420,0.5785207144
2018_1293_1422,0.5752415613
2018_1293_1437,0.5785207144
2018_1293_1438,0.5350608822
2018_1293_1439,0.5259775526
2018_1293_1452,0.5650578081
2018_1293_1455,0.527334403
2018_1293_1460,0.5377331271
2018_1293_1462,0.5441528459
2018_1300_1301,0.5224211317
2018_1300_1305,0.5148348647
2018_1300_1308,0.5670679948
2018_1300_1314,0.5333000331
2018_1300_1326,0.5670679948
2018_1300_1328,0.5415581596
2018_1300_1335,0.5811322872
2018_1300_1344,0.5141469666
2018_1300_1345,0.5403446999
2018_1300_1347,0.5562018428
2018_1300_1348,0.5458031187
2018_1300_1355,0.5403446999
2018_1300_1361,0.5388146881
2018_1300_1371,0.5299459758
2018_1300_1372,0.5509104013
2018_1300_1382,0.5141469666
2018_1300_1393,0.5566692708
2018_1300_1395,0.5605667066
2018_1300_1397,0.573884893
2018_1300_1400,0.5670679948
2018_1300_1401,0.5409191992
2018_1300_1403,0.5670679948
2018_1300_1411,0.5409636125
2018_1300_1417,0.5252335888
2018_1300_1420,0.5670679948
2018_1300_1422,0.5637888418
2018_1300_1437,0.5396887603
2018_1300_1438,0.5133723385
2018_1300_1439,0.5237035769
2018_1300_1452,0.5707335631
2018_1300_1455,0.5299459758
2018_1300_1460,0.5403446999
2018_1300_1462,0.5114354535
2018_1301_1305,0.51071793
2018_1301_1308,0.5383019581
2018_1301_1314,0.5009051016
2018_1301_1326,0.5466616472
2018_1301_1328,0.5293420823
2018_1301_1335,0.5466616472
2018_1301_1344,0.5130942141
2018_1301_1345,0.5355398671
2018_1301_1347,0.55139701
2018_1301_1348,0.5409982859
2018_1301_1355,0.5362277652
2018_1301_1361,0.5122937787
2018_1301_1371,0.5258290411
2018_1301_1372,0.5498576488
2018_1301_1382,0.5130942141
2018_1301_1393,0.527903234
2018_1301_1395,0.540160359
2018_1301_1397,0.5779981239
2018_1301_1400,0.5466616472
2018_1301_1401,0.5389178683
2018_1301_1403,0.5466616472
2018_1301_1411,0.5368466778
2018_1301_1417,0.5211166541
2018_1301_1420,0.5466616472
2018_1301_1422,0.535022805
2018_1301_1437,0.5383019581
2018_1301_1438,0.5335555203
2018_1301_1439,0.4971826676
2018_1301_1452,0.5362629231
2018_1301_1455,0.5258290411
2018_1301_1460,0.5362277652
2018_1301_1462,0.5122937787
2018_1305_1308,0.5194698837
2018_1305_1314,0.473713338
2018_1305_1326,0.5194698837
2018_1305_1328,0.5021503187
2018_1305_1335,0.5194698837
2018_1305_1344,0.4777245352
2018_1305_1345,0.5102399363
2018_1305_1347,0.5245858109
2018_1305_1348,0.5141870868
2018_1305_1355,0.5365030392
2018_1305_1361,0.4851020151
2018_1305_1371,0.5230401329
2018_1305_1372,0.5144879699
2018_1305_1382,0.4777245352
2018_1305_1393,0.5090711596
2018_1305_1395,0.5129685955
2018_1305_1397,0.5779981239
2018_1305_1400,0.5194698837
2018_1305_1401,0.5389178683
2018_1305_1403,0.5194698837
2018_1305_1411,0.5177072698
2018_1305_1417,0.5213919281
2018_1305_1420,0.5194698837
2018_1305_1422,0.5161907306
2018_1305_1437,0.5194698837
2018_1305_1438,0.5359318044
2018_1305_1439,0.469990904
2018_1305_1452,0.5090711596
2018_1305_1455,0.5191573519
2018_1305_1460,0.5170883572
2018_1305_1462,0.4851020151
2018_1308_1314,0.5194791141
2018_1308_1326,0.57342593
2018_1308_1328,0.550980277
2018_1308_1335,0.57342593
2018_1308_1344,0.5101926897
2018_1308_1345,0.5357025249
2018_1308_1347,0.5515596677
2018_1308_1348,0.5411609437
2018_1308_1355,0.5357025249
2018_1308_1361,0.5421222436
2018_1308_1371,0.5253038008
2018_1308_1372,0.5469561244
2018_1308_1382,0.5101926897
2018_1308_1393,0.5660913881
2018_1308_1395,0.5669246418
2018_1308_1397,0.5989059611
2018_1308_1400,0.57342593
2018_1308_1401,0.5598257056
2018_1308_1403,0.57342593
2018_1308_1411,0.5363214375
2018_1308_1417,0.5205914138
2018_1308_1420,0.5764901122
2018_1308_1422,0.5732109591
2018_1308_1437,0.5764901122
2018_1308_1438,0.5243041454
2018_1308_1439,0.5239469503
2018_1308_1452,0.5630272059
2018_1308_1455,0.5253038008
2018_1308_1460,0.5357025249
2018_1308_1462,0.5421222436
2018_1314_1326,0.5622259411
2018_1314_1328,0.5376124645
2018_1314_1335,0.5631222997
2018_1314_1344,0.5073737458
2018_1314_1345,0.5326751205
2018_1314_1347,0.5494286219
2018_1314_1348,0.5381335393
2018_1314_1355,0.5335714791
2018_1314_1361,0.5253532675
2018_1314_1371,0.523172755
2018_1314_1372,0.5441371805
2018_1314_1382,0.5080616439
2018_1314_1393,0.5498477586
2018_1314_1395,0.551827217
2018_1314_1397,0.6027397177
2018_1314_1400,0.5631222997
2018_1314_1401,0.5744463327
2018_1314_1403,0.5622259411
2018_1314_1411,0.5341903917
2018_1314_1417,0.518460368
2018_1314_1420,0.5631222997
2018_1314_1422,0.5569673296
2018_1314_1437,0.5593501241
2018_1314_1438,0.5212767411
2018_1314_1439,0.5102421564
2018_1314_1452,0.551827217
2018_1314_1455,0.5222763965
2018_1314_1460,0.5335714791
2018_1314_1462,0.5244569089
2018_1326_1328,0.5316539311
2018_1326_1335,0.5540995841
2018_1326_1344,0.5021031105
2018_1326_1345,0.5267165871
2018_1326_1347,0.5434700885
2018_1326_1348,0.5321750059
2018_1326_1355,0.5276129457
2018_1326_1361,0.5255092958
2018_1326_1371,0.5172142216
2018_1326_1372,0.5388665452
2018_1326_1382,0.5021031105
2018_1326_1393,0.5467650422
2018_1326_1395,0.5458686836
2018_1326_1397,0.5996570013
2018_1326_1400,0.5571637663
2018_1326_1401,0.5774781781
2018_1326_1403,0.5562674077
2018_1326_1411,0.5282318583
2018_1326_1417,0.5125018346
2018_1326_1420,0.5571637663
2018_1326_1422,0.5538846132
2018_1326_1437,0.5562674077
2018_1326_1438,0.5153182077
2018_1326_1439,0.5103981847
2018_1326_1452,0.5428045014
2018_1326_1455,0.5163178631
2018_1326_1460,0.5276129457
2018_1326_1462,0.5246129373
2018_1328_1335,0.5386370908
2018_1328_1344,0.4866406172
2018_1328_1345,0.5121504524
2018_1328_1347,0.5280075952
2018_1328_1348,0.5176088712
2018_1328_1355,0.5121504524
2018_1328_1361,0.5239902959
2018_1328_1371,0.5017517283
2018_1328_1372,0.5234040519
2018_1328_1382,0.4866406172
2018_1328_1393,0.5313025489
2018_1328_1395,0.5351999848
2018_1328_1397,0.5850908666
2018_1328_1400,0.541701273
2018_1328_1401,0.5626675025
2018_1328_1403,0.541701273
2018_1328_1411,0.512769365
2018_1328_1417,0.4970393413
2018_1328_1420,0.541701273
2018_1328_1422,0.5384221199
2018_1328_1437,0.541701273
2018_1328_1438,0.5007520729
2018_1328_1439,0.5088791848
2018_1328_1452,0.5282383667
2018_1328_1455,0.5017517283
2018_1328_1460,0.5121504524
2018_1328_1462,0.5239902959
2018_1335_1344,0.5270174137
2018_1335_1345,0.553215147
2018_1335_1347,0.5690722898
2018_1335_1348,0.5586735657
2018_1335_1355,0.553215147
2018_1335_1361,0.5449969354
2018_1335_1371,0.5428164229
2018_1335_1372,0.5637808484
2018_1335_1382,0.5277053118
2018_1335_1393,0.5694914265
2018_1335_1395,0.5762646794
2018_1335_1397,0.6108120254
2018_1335_1400,0.5827659676
2018_1335_1401,0.5825186403
2018_1335_1403,0.5827659676
2018_1335_1411,0.5538340596
2018_1335_1417,0.5381040359
2018_1335_1420,0.5827659676
2018_1335_1422,0.5766109975
2018_1335_1437,0.552510916
2018_1335_1438,0.5262427855
2018_1335_1439,0.5298858242
2018_1335_1452,0.5723672435
2018_1335_1455,0.5428164229
2018_1335_1460,0.553215147
2018_1335_1462,0.5176177008
2018_1344_1345,0.52687666
2018_1344_1347,0.5434217009
2018_1344_1348,0.5323350788
2018_1344_1355,0.5275645581
2018_1344_1361,0.5091563521
2018_1344_1371,0.517165834
2018_1344_1372,0.5411944417
2018_1344_1382,0.5013668248
2018_1344_1393,0.5270109348
2018_1344_1395,0.5465073214
2018_1344_1397,0.56837969
2018_1344_1400,0.5530086096
2018_1344_1401,0.5354139962
2018_1344_1403,0.5530086096
2018_1344_1411,0.5281834707
2018_1344_1417,0.512453447
2018_1344_1420,0.5374096588
2018_1344_1422,0.5341305058
2018_1344_1437,0.5374096588
2018_1344_1438,0.5161661786
2018_1344_1439,0.5096441917
2018_1344_1452,0.5550776043
2018_1344_1455,0.517165834
2018_1344_1460,0.5275645581
2018_1344_1462,0.5091563521
2018_1345_1347,0.5571896486
2018_1345_1348,0.5489587482
2018_1345_1355,0.5420204038
2018_1345_1361,0.4906490663
2018_1345_1371,0.5316216797
2018_1345_1372,0.5487033242
2018_1345_1382,0.5188868527
2018_1345_1393,0.5207134383
2018_1345_1395,0.5171230158
2018_1345_1397,0.5817384782
2018_1345_1400,0.5284180985
2018_1345_1401,0.5534450932
2018_1345_1403,0.5275217399
2018_1345_1411,0.5419514183
2018_1345_1417,0.5269092927
2018_1345_1420,0.5284180985
2018_1345_1422,0.5278330093
2018_1345_1437,0.5302158038
2018_1345_1438,0.5405528105
2018_1345_1439,0.4755379551
2018_1345_1452,0.5171230158
2018_1345_1455,0.5307253212
2018_1345_1460,0.5420204038
2018_1345_1462,0.4897527077
2018_1347_1348,0.5565626044
2018_1347_1355,0.5487279015
2018_1347_1361,0.5027455546
2018_1347_1371,0.5383291774
2018_1347_1372,0.5484375598
2018_1347_1382,0.5116741251
2018_1347_1393,0.5301158627
2018_1347_1395,0.5340132986
2018_1347_1397,0.5920372611
2018_1347_1400,0.5405145868
2018_1347_1401,0.5637438761
2018_1347_1403,0.5405145868
2018_1347_1411,0.548658916
2018_1347_1417,0.5336167904
2018_1347_1420,0.5405145868
2018_1347_1422,0.5372354337
2018_1347_1437,0.5131353522
2018_1347_1438,0.5325826848
2018_1347_1439,0.4876344434
2018_1347_1452,0.5274217987
2018_1347_1455,0.5383291774
2018_1347_1460,0.5487279015
2018_1347_1462,0.47536632
2018_1348_1355,0.5430493736
2018_1348_1361,0.4915458106
2018_1348_1371,0.5326506496
2018_1348_1372,0.5372645752
2018_1348_1382,0.5129688593
2018_1348_1393,0.5094003933
2018_1348_1395,0.5230233276
2018_1348_1397,0.5606665994
2018_1348_1400,0.5295246158
2018_1348_1401,0.5277009056
2018_1348_1403,0.5295246158
2018_1348_1411,0.5429803882
2018_1348_1417,0.5279382625
2018_1348_1420,0.5197991173
2018_1348_1422,0.5165199643
2018_1348_1437,0.5197991173
2018_1348_1438,0.5403771287
2018_1348_1439,0.4861601979
2018_1348_1452,0.5274855808
2018_1348_1455,0.5326506496
2018_1348_1460,0.5430493736
2018_1348_1462,0.4915458106
2018_1355_1361,0.4818858428
2018_1355_1371,0.5407054615
2018_1355_1372,0.5146729613
2018_1355_1382,0.4779095266
2018_1355_1393,0.509256151
2018_1355_1395,0.5131535869
2018_1355_1397,0.586579667
2018_1355_1400,0.519654875
2018_1355_1401,0.5582862819
2018_1355_1403,0.519654875
2018_1355_1411,0.5167094654
2018_1355_1417,0.5290461113
2018_1355_1420,0.519654875
2018_1355_1422,0.516375722
2018_1355_1437,0.519654875
2018_1355_1438,0.5505329508
2018_1355_1439,0.4667747317
2018_1355_1452,0.509256151
2018_1355_1455,0.5212907795
2018_1355_1460,0.5316895036
2018_1355_1462,0.4818858428
2018_1361_1371,0.5406369895
2018_1361_1372,0.5622893131
2018_1361_1382,0.5255258784
2018_1361_1393,0.5701878101
2018_1361_1395,0.574085246
2018_1361_1397,0.6239761277
2018_1361_1400,0.5805865341
2018_1361_1401,0.5956827427
2018_1361_1403,0.5805865341
2018_1361_1411,0.5516546262
2018_1361_1417,0.5359246024
2018_1361_1420,0.5805865341
2018_1361_1422,0.5773073811
2018_1361_1437,0.5805865341
2018_1361_1438,0.5396373341
2018_1361_1439,0.5277063908
2018_1361_1452,0.5671236279
2018_1361_1455,0.5406369895
2018_1361_1460,0.5510357136
2018_1361_1462,0.5428175019
2018_1371_1372,0.5083734082
2018_1371_1382,0.4716099735
2018_1371_1393,0.5029565978
2018_1371_1395,0.5068540337
2018_1371_1397,0.5718835621
2018_1371_1400,0.5133553219
2018_1371_1401,0.5389178683
2018_1371_1403,0.5133553219
2018_1371_1411,0.511592708
2018_1371_1417,0.4958626843
2018_1371_1420,0.5133553219
2018_1371_1422,0.5100761688
2018_1371_1437,0.5133553219
2018_1371_1438,0.5298172426
2018_1371_1439,0.469990904
2018_1371_1452,0.5029565978
2018_1371_1455,0.5005750713
2018_1371_1460,0.5109737954
2018_1371_1462,0.4851020151
2018_1372_1382,0.5013668248
2018_1372_1393,0.5270109348
2018_1372_1395,0.5465073214
2018_1372_1397,0.5598255078
2018_1372_1400,0.5530086096
2018_1372_1401,0.526859814
2018_1372_1403,0.5530086096
2018_1372_1411,0.5281834707
2018_1372_1417,0.512453447
2018_1372_1420,0.5374096588
2018_1372_1422,0.5341305058
2018_1372_1437,0.5374096588
2018_1372_1438,0.5161661786
2018_1372_1439,0.5096441917
2018_1372_1452,0.5550776043
2018_1372_1455,0.517165834
2018_1372_1460,0.5275645581
2018_1372_1462,0.5091563521
2018_1382_1393,0.5075135198
2018_1382_1395,0.5114109557
2018_1382_1397,0.5427955484
2018_1382_1400,0.5179122439
2018_1382_1401,0.5098298546
2018_1382_1403,0.5179122439
2018_1382_1411,0.5236962252
2018_1382_1417,0.5079662015
2018_1382_1420,0.5179122439
2018_1382_1422,0.5146330908
2018_1382_1437,0.5179122439
2018_1382_1438,0.5225060778
2018_1382_1439,0.474547826
2018_1382_1452,0.5231124705
2018_1382_1455,0.5126785885
2018_1382_1460,0.5230773126
2018_1382_1462,0.4896589371
2018_1393_1395,0.564906502
2018_1393_1397,0.617861566
2018_1393_1400,0.5714077902
2018_1393_1401,0.5956827427
2018_1393_1403,0.5714077902
2018_1393_1411,0.5455400644
2018_1393_1417,0.5298100407
2018_1393_1420,0.5744719724
2018_1393_1422,0.5711928193
2018_1393_1437,0.5744719724
2018_1393_1438,0.5335227723
2018_1393_1439,0.5246422086
2018_1393_1452,0.5610090661
2018_1393_1455,0.5345224277
2018_1393_1460,0.5449211518
2018_1393_1462,0.5428175019
2018_1395_1397,0.60528071
2018_1395_1400,0.5743106788
2018_1395_1401,0.5662004544
2018_1395_1403,0.5743106788
2018_1395_1411,0.5341420041
2018_1395_1417,0.5184119804
2018_1395_1420,0.5743106788
2018_1395_1422,0.5710315257
2018_1395_1437,0.5743106788
2018_1395_1438,0.522124712
2018_1395_1439,0.5248316991
2018_1395_1452,0.5608477725
2018_1395_1455,0.5231243674
2018_1395_1460,0.5335230915
2018_1395_1462,0.5399428102
2018_1397_1400,0.5667184323
2018_1397_1401,0.5607760316
2018_1397_1403,0.5658220738
2018_1397_1411,0.5296139398
2018_1397_1417,0.5138839161
2018_1397_1420,0.5667184323
2018_1397_1422,0.5665034614
2018_1397_1437,0.568886256
2018_1397_1438,0.5167002892
2018_1397_1439,0.5172394527
2018_1397_1452,0.5554233497
2018_1397_1455,0.5176999446
2018_1397_1460,0.5289950272
2018_1397_1462,0.5314542052
2018_1400_1401,0.5978621761
2018_1400_1403,0.5827659676
2018_1400_1411,0.5538340596
2018_1400_1417,0.5381040359
2018_1400_1420,0.5827659676
2018_1400_1422,0.5794868145
2018_1400_1437,0.5827659676
2018_1400_1438,0.5418167675
2018_1400_1439,0.5298858242
2018_1400_1452,0.5693030613
2018_1400_1455,0.5428164229
2018_1400_1460,0.553215147
2018_1400_1462,0.5449969354
2018_1401_1403,0.5651319348
2018_1401_1411,0.5280274423
2018_1401_1417,0.5122974186
2018_1401_1420,0.5651319348
2018_1401_1422,0.5649169639
2018_1401_1437,0.568196117
2018_1401_1438,0.5160101502
2018_1401_1439,0.5217675169
2018_1401_1452,0.5547332107
2018_1401_1455,0.5170098056
2018_1401_1460,0.5274085297
2018_1401_1462,0.536878628
2018_1403_1411,0.5127426412
2018_1403_1417,0.4970126175
2018_1403_1420,0.5529113159
2018_1403_1422,0.5496321629
2018_1403_1437,0.5520149574
2018_1403_1438,0.4998289906
2018_1403_1439,0.5095468981
2018_1403_1452,0.5385520511
2018_1403_1455,0.500828646
2018_1403_1460,0.5121237286
2018_1403_1462,0.5237616506
2018_1411_1417,0.5434249507
2018_1411_1420,0.5138570267
2018_1411_1422,0.5105778736
2018_1411_1437,0.4864777921
2018_1411_1438,0.5279676321
2018_1411_1439,0.4794891581
2018_1411_1452,0.5104638684
2018_1411_1455,0.5330262267
2018_1411_1460,0.5434249507
2018_1411_1462,0.4521099236
2018_1417_1420,0.5194698837
2018_1417_1422,0.5161907306
2018_1417_1437,0.5194698837
2018_1417_1438,0.5328676222
2018_1417_1439,0.469990904
2018_1417_1452,0.5090711596
2018_1417_1455,0.5261043151
2018_1417_1460,0.5365030392
2018_1417_1462,0.4851020151
2018_1420_1422,0.5711875541
2018_1420_1437,0.5470874726
2018_1420_1438,0.5067067584
2018_1420_1439,0.5249877275
2018_1420_1452,0.5610038009
2018_1420_1455,0.5232803958
2018_1420_1460,0.5336791198
2018_1420_1462,0.5127196041
2018_1422_1437,0.5764901122
2018_1422_1438,0.5243041454
2018_1422_1439,0.5239469503
2018_1422_1452,0.5630272059
2018_1422_1455,0.5253038008
2018_1422_1460,0.5357025249
2018_1422_1462,0.5421222436
2018_1437_1438,0.4777227869
2018_1437_1439,0.4836820751
2018_1437_1452,0.5052090807
2018_1437_1455,0.4787224423
2018_1437_1460,0.4900175249
2018_1437_1462,0.5009610099
2018_1438_1439,0.4604697164
2018_1438_1452,0.4959402153
2018_1438_1455,0.5162303067
2018_1438_1460,0.5205784261
2018_1438_1462,0.474684469
2018_1439_1452,0.5671236279
2018_1439_1455,0.5406369895
2018_1439_1460,0.5510357136
2018_1439_1462,0.5428175019
2018_1452_1455,0.5176999446
2018_1452_1460,0.5289950272
2018_1452_1462,0.5316425704
2018_1455_1460,0.5319749749
2018_1455_1462,0.4752378607
2018_1460_1462,0.4926425796
